Aptamer Sequence,True Label,Predicted Probability,Rank
GGAGGCUUGCUCAGCUUUC,1,0.9947635584162938,1.0
GGAGGCUCGCUCAGCUUUC,1,0.9947635584162938,1.0
GGAGGCUGCUGCAGCUUUC,1,0.9939043024437232,2.0
GGAGGCUGGCUCAGCUUUC,1,0.9922465653498896,3.0
GGAGGCUGCUUCAGCUUUC,1,0.9908057817537528,4.0
GGAGGCUAGCUCAGCUUUC,1,0.9860837442042103,5.0
GGAGGCUAGGCCAGCUUUC,1,0.9652593697759588,6.0
GGAGGCUAAGGCAGCUUUC,1,0.9652593697759588,6.0
GGAGGCUAGGGCAGCUUUC,1,0.9652593697759588,6.0
GGAGGCUAGGUCAGCUUUC,1,0.9536274913380092,7.0
GGAGGCUGAGGCAGCUUUC,1,0.9380190292256793,8.0
GGAGGCUCGAGCAGCUUUC,1,0.9342714600968648,9.0
GGAGGCUAGAGCAGCUUUC,1,0.9342714600968648,9.0
GGAGGCUUUUACAGCUUUC,1,0.9168662400549797,10.0
GGAGGCUUUUGCAGCUUUC,1,0.9168662400549797,10.0
GGAGGCUUUUCCAGCUUUC,1,0.9095277862477391,11.0
GGAGGCUUCUUCAGCUUUC,1,0.8550550388396804,12.0
GGAGGCUUCCCCAGCUUUC,1,0.8462904296431243,13.0
GGAGGCUCAGGCAGCUUUC,1,0.8271658282250278,14.0
GGAGGCUCCCCCAGCUUUC,1,0.8091903260557998,15.0
GGAGGCUCGGACAGCUUUC,1,0.8006114514171175,16.0
GGAGGCUGGAUCAGCUUUC,1,0.8006114514171175,16.0
GGAGGCUGGACCAGCUUUC,0,0.8006114514171175,16.0
GGAGGCUGGAACAGCUUUC,1,0.8006114514171175,16.0
GGAGGCUGGGACAGCUUUC,1,0.8006114514171175,16.0
GGAGGCUUGGACAGCUUUC,1,0.7910030185123553,17.0
GGAGGCUUUAGCAGCUUUC,1,0.7862558839593816,18.0
GGAGGCUACAACAGCUUUC,1,0.757281495473609,19.0
GGAGGCUAGCGCAGCUUUC,1,0.757281495473609,19.0
GGAGGCUAGCACAGCUUUC,1,0.757281495473609,19.0
GGAGGCUAGCCCAGCUUUC,1,0.757281495473609,19.0
GGAGGCUAAAACAGCUUUC,1,0.757281495473609,19.0
GGAGGCUCUUACAGCUUUC,0,0.757281495473609,19.0
GGAGGCUCAGACAGCUUUC,1,0.757281495473609,19.0
GGAGGCUCUUGCAGCUUUC,0,0.757281495473609,19.0
GGAGGCUCCACCAGCUUUC,1,0.757281495473609,19.0
GGAGGCUCGCGCAGCUUUC,0,0.757281495473609,19.0
GGAGGCUAACACAGCUUUC,1,0.6957189014209203,20.0
GGAGGCUAUUCCAGCUUUC,1,0.6957189014209203,20.0
GGAGGCUAAGCCAGCUUUC,0,0.6957189014209203,20.0
GGAGGCUGACACAGCUUUC,0,0.6957189014209203,20.0
GGAGGCUGCCCCAGCUUUC,1,0.6957189014209203,20.0
GGAGGCUACCCCAGCUUUC,1,0.6957189014209203,20.0
GGAGGCUGUUCCAGCUUUC,1,0.6957189014209203,20.0
GGAGGCUUGACCAGCUUUC,0,0.6934069167511626,21.0
GGAGGCUUGUACAGCUUUC,1,0.6934069167511626,21.0
GGAGGCUUGAACAGCUUUC,1,0.6934069167511626,21.0
GGAGGCUUAUCCAGCUUUC,0,0.6934069167511626,21.0
GGAGGCUUGCGCAGCUUUC,1,0.6934069167511626,21.0
GGAGGCUUGCCCAGCUUUC,0,0.6934069167511626,21.0
GGAGGCUUGCACAGCUUUC,1,0.6934069167511626,21.0
GGAGGCUUAGUCAGCUUUC,1,0.6934069167511626,21.0
GGAGGCUUGUCCAGCUUUC,1,0.6934069167511626,21.0
GGAGGCUUGUGCAGCUUUC,1,0.6934069167511626,21.0
GGAGGCUUAUGCAGCUUUC,1,0.6934069167511626,21.0
GGAGGCUUACCCAGCUUUC,0,0.6934069167511626,21.0
GGAGGCUUAUACAGCUUUC,1,0.6934069167511626,21.0
GGAGGCUUAACCAGCUUUC,1,0.6934069167511626,21.0
GGAGGCUUAAUCAGCUUUC,0,0.6934069167511626,21.0
GGAGGCUUAAACAGCUUUC,1,0.6934069167511626,21.0
GGAGGCUUAGACAGCUUUC,0,0.6934069167511626,21.0
GGAGGCUUACGCAGCUUUC,1,0.6934069167511626,21.0
GGAGGCUUACUCAGCUUUC,0,0.6934069167511626,21.0
GGAGGCUUGAUCAGCUUUC,1,0.6934069167511626,21.0
GGAGGCUCUCACAGCUUUC,1,0.6934069167511626,21.0
GGAGGCUCCCUCAGCUUUC,1,0.6934069167511626,21.0
GGAGGCUCUCGCAGCUUUC,0,0.6934069167511626,21.0
GGAGGCUUGGUCAGCUUUC,1,0.6934069167511626,21.0
GGAGGCUCUCCCAGCUUUC,1,0.6934069167511626,21.0
GGAGGCUGGGGCAGCUUUC,1,0.6852247791607395,22.0
GGAGGCUUAAGCAGCUUUC,0,0.608165767211338,23.0
GGAGGCUUAUUCAGCUUUC,1,0.608165767211338,23.0
GGAGGCUUGUUCAGCUUUC,1,0.608165767211338,23.0
GGAGGCUGGCCCAGCUUUC,1,0.6016586409255286,24.0
GGAGGCUGUGGCAGCUUUC,1,0.6016586409255286,24.0
GGAGGCUGGCGCAGCUUUC,1,0.6016586409255286,24.0
GGAGGCUGCGGCAGCUUUC,0,0.6016586409255286,24.0
GGAGGCUGGCACAGCUUUC,0,0.6016586409255286,24.0
GGAGGCUGGGCCAGCUUUC,1,0.6016586409255286,24.0
GGAGGCUAUGGCAGCUUUC,0,0.6016586409255286,24.0
GGAGGCUACGGCAGCUUUC,1,0.6016586409255286,24.0
GGAGGCUCCGGCAGCUUUC,1,0.6016586409255286,24.0
GGAGGCUCGGGCAGCUUUC,0,0.6016586409255286,24.0
GGAGGCUCUGGCAGCUUUC,0,0.6016586409255286,24.0
GGAGGCUCGGCCAGCUUUC,1,0.6016586409255286,24.0
GGAGGCUUUCACAGCUUUC,1,0.5879806320866668,25.0
GGAGGCUUUCGCAGCUUUC,0,0.5879806320866668,25.0
GGAGGCUUCAUCAGCUUUC,1,0.5879806320866668,25.0
GGAGGCUUUCCCAGCUUUC,0,0.5879806320866668,25.0
GGAGGCUUUCUCAGCUUUC,1,0.5879806320866668,25.0
GGAGGCUUAGCCAGCUUUC,1,0.5760113281183196,26.0
GGAGGCUUACACAGCUUUC,0,0.5760113281183196,26.0
GGAGGCUUCGGCAGCUUUC,0,0.5355030358823278,27.0
GGAGGCUUUGGCAGCUUUC,1,0.5355030358823278,27.0
GGAGGCUCUUUCAGCUUUC,1,0.5280801698491884,28.0
GGAGGCUGCAGCAGCUUUC,0,0.5280801698491882,29.0
GGAGGCUUCCUCAGCUUUC,1,0.5137393685263512,30.0
GGAGGCUUCCACAGCUUUC,0,0.5137393685263512,30.0
GGAGGCUUCGUCAGCUUUC,0,0.5137393685263512,30.0
GGAGGCUUCUCCAGCUUUC,1,0.5137393685263512,30.0
GGAGGCUUCUGCAGCUUUC,0,0.5137393685263512,30.0
GGAGGCUUCUACAGCUUUC,1,0.5137393685263512,30.0
GGAGGCUUCACCAGCUUUC,0,0.5137393685263512,30.0
GGAGGCUUCAACAGCUUUC,1,0.5137393685263512,30.0
GGAGGCUUCCGCAGCUUUC,0,0.5137393685263512,30.0
GGAGGCUUCGACAGCUUUC,0,0.5137393685263512,30.0
GGAGGCUUUAACAGCUUUC,1,0.5137393685263512,30.0
GGAGGCUUUGACAGCUUUC,0,0.5137393685263512,30.0
GGAGGCUUUGUCAGCUUUC,1,0.5137393685263512,30.0
GGAGGCUUUGCCAGCUUUC,0,0.5137393685263512,30.0
GGAGGCUUCGCCAGCUUUC,1,0.5137393685263512,30.0
GGAGGCUUUACCAGCUUUC,0,0.5137393685263512,30.0
GGAGGCUCCUCCAGCUUUC,0,0.5137393685263512,30.0
GGAGGCUCACUCAGCUUUC,1,0.5137393685263512,30.0
GGAGGCUUUAUCAGCUUUC,1,0.5137393685263512,30.0
GGAGGCUACUACAGCUUUC,1,0.5137393685263512,30.0
GGAGGCUGGUUCAGCUUUC,0,0.5001125000003422,31.0
GGAGGCUCGUUCAGCUUUC,0,0.5001125000003422,31.0
GGAGGCUCUAGCAGCUUUC,0,0.5001125000003422,31.0
GGAGGCUCAAGCAGCUUUC,1,0.5001125000003422,31.0
GGAGGCUAGUUCAGCUUUC,1,0.5001125000003422,31.0
GGAGGCUGAUUCAGCUUUC,1,0.5001125000003422,31.0
GGAGGCUGUAGCAGCUUUC,1,0.5001125000003422,31.0
GGAGGCUGAAGCAGCUUUC,1,0.5001125000003422,31.0
GGAGGCUAAAGCAGCUUUC,0,0.5001125000003422,31.0
GGAGGCUAAUUCAGCUUUC,0,0.5001125000003422,31.0
GGAGGCUAUAGCAGCUUUC,1,0.5001125000003422,31.0
GGAGGCUGCUCCAGCUUUC,0,0.434901483503525,32.0
GGAGGCUGCUACAGCUUUC,1,0.434901483503525,32.0
GGAGGCUCGCACAGCUUUC,1,0.430653071348727,33.0
GGAGGCUCGGUCAGCUUUC,1,0.430653071348727,33.0
GGAGGCUCGAACAGCUUUC,0,0.430653071348727,33.0
GGAGGCUCGACCAGCUUUC,0,0.430653071348727,33.0
GGAGGCUCCUGCAGCUUUC,1,0.430653071348727,33.0
GGAGGCUCCAUCAGCUUUC,0,0.430653071348727,33.0
GGAGGCUGCCGCAGCUUUC,1,0.430653071348727,33.0
GGAGGCUGCACCAGCUUUC,0,0.430653071348727,33.0
GGAGGCUGGUCCAGCUUUC,0,0.430653071348727,33.0
GGAGGCUGCCACAGCUUUC,1,0.430653071348727,33.0
GGAGGCUAUUACAGCUUUC,1,0.430653071348727,33.0
GGAGGCUAUAACAGCUUUC,1,0.430653071348727,33.0
GGAGGCUAUGACAGCUUUC,0,0.430653071348727,33.0
GGAGGCUAUCUCAGCUUUC,0,0.430653071348727,33.0
GGAGGCUAUCACAGCUUUC,1,0.430653071348727,33.0
GGAGGCUCGCCCAGCUUUC,0,0.430653071348727,33.0
GGAGGCUACCACAGCUUUC,0,0.430653071348727,33.0
GGAGGCUAGAUCAGCUUUC,0,0.430653071348727,33.0
GGAGGCUAGAACAGCUUUC,0,0.430653071348727,33.0
GGAGGCUACUCCAGCUUUC,1,0.430653071348727,33.0
GGAGGCUACUGCAGCUUUC,1,0.430653071348727,33.0
GGAGGCUAACUCAGCUUUC,0,0.430653071348727,33.0
GGAGGCUAACGCAGCUUUC,1,0.430653071348727,33.0
GGAGGCUAACCCAGCUUUC,1,0.430653071348727,33.0
GGAGGCUAAUCCAGCUUUC,1,0.430653071348727,33.0
GGAGGCUAAUACAGCUUUC,0,0.430653071348727,33.0
GGAGGCUAUUGCAGCUUUC,1,0.430653071348727,33.0
GGAGGCUAUACCAGCUUUC,0,0.430653071348727,33.0
GGAGGCUAGUGCAGCUUUC,0,0.430653071348727,33.0
GGAGGCUAGUCCAGCUUUC,1,0.430653071348727,33.0
GGAGGCUAGACCAGCUUUC,0,0.430653071348727,33.0
GGAGGCUACGCCAGCUUUC,0,0.430653071348727,33.0
GGAGGCUAGUACAGCUUUC,1,0.430653071348727,33.0
GGAGGCUAUCCCAGCUUUC,0,0.430653071348727,33.0
GGAGGCUAUCGCAGCUUUC,0,0.430653071348727,33.0
GGAGGCUAUGCCAGCUUUC,0,0.430653071348727,33.0
GGAGGCUAUGUCAGCUUUC,1,0.430653071348727,33.0
GGAGGCUACACCAGCUUUC,0,0.430653071348727,33.0
GGAGGCUACAUCAGCUUUC,1,0.430653071348727,33.0
GGAGGCUACCGCAGCUUUC,0,0.430653071348727,33.0
GGAGGCUACGACAGCUUUC,1,0.430653071348727,33.0
GGAGGCUACGUCAGCUUUC,0,0.430653071348727,33.0
GGAGGCUAAGUCAGCUUUC,1,0.430653071348727,33.0
GGAGGCUAAGACAGCUUUC,0,0.430653071348727,33.0
GGAGGCUAAUGCAGCUUUC,0,0.430653071348727,33.0
GGAGGCUAAACCAGCUUUC,0,0.430653071348727,33.0
GGAGGCUAAAUCAGCUUUC,0,0.430653071348727,33.0
GGAGGCUACCUCAGCUUUC,0,0.430653071348727,33.0
GGAGGCUGAACCAGCUUUC,1,0.430653071348727,33.0
GGAGGCUGCAUCAGCUUUC,0,0.430653071348727,33.0
GGAGGCUGGUACAGCUUUC,1,0.430653071348727,33.0
GGAGGCUGGUGCAGCUUUC,0,0.430653071348727,33.0
GGAGGCUGGGUCAGCUUUC,1,0.430653071348727,33.0
GGAGGCUGUCUCAGCUUUC,0,0.430653071348727,33.0
GGAGGCUGUCCCAGCUUUC,0,0.430653071348727,33.0
GGAGGCUGAAUCAGCUUUC,0,0.430653071348727,33.0
GGAGGCUGAUCCAGCUUUC,0,0.430653071348727,33.0
GGAGGCUGACCCAGCUUUC,1,0.430653071348727,33.0
GGAGGCUGACGCAGCUUUC,1,0.430653071348727,33.0
GGAGGCUGUAUCAGCUUUC,1,0.430653071348727,33.0
GGAGGCUGAUACAGCUUUC,0,0.430653071348727,33.0
GGAGGCUGACUCAGCUUUC,0,0.430653071348727,33.0
GGAGGCUGAUGCAGCUUUC,1,0.430653071348727,33.0
GGAGGCUCCGCCAGCUUUC,0,0.430653071348727,33.0
GGAGGCUCCGUCAGCUUUC,0,0.430653071348727,33.0
GGAGGCUCCUACAGCUUUC,1,0.430653071348727,33.0
GGAGGCUCCGACAGCUUUC,0,0.430653071348727,33.0
GGAGGCUCCCACAGCUUUC,1,0.430653071348727,33.0
GGAGGCUCCCGCAGCUUUC,0,0.430653071348727,33.0
GGAGGCUCCAACAGCUUUC,1,0.430653071348727,33.0
GGAGGCUCUGUCAGCUUUC,1,0.430653071348727,33.0
GGAGGCUCACCCAGCUUUC,0,0.430653071348727,33.0
GGAGGCUCACGCAGCUUUC,1,0.430653071348727,33.0
GGAGGCUCAUGCAGCUUUC,1,0.430653071348727,33.0
GGAGGCUGCCUCAGCUUUC,0,0.430653071348727,33.0
GGAGGCUGCGACAGCUUUC,1,0.430653071348727,33.0
GGAGGCUGCGUCAGCUUUC,1,0.430653071348727,33.0
GGAGGCUGCAACAGCUUUC,0,0.430653071348727,33.0
GGAGGCUGCGCCAGCUUUC,1,0.430653071348727,33.0
GGAGGCUGUCGCAGCUUUC,0,0.430653071348727,33.0
GGAGGCUGUGACAGCUUUC,0,0.430653071348727,33.0
GGAGGCUGUGCCAGCUUUC,1,0.430653071348727,33.0
GGAGGCUGUCACAGCUUUC,1,0.430653071348727,33.0
GGAGGCUGUACCAGCUUUC,0,0.430653071348727,33.0
GGAGGCUGUUACAGCUUUC,1,0.430653071348727,33.0
GGAGGCUGUUGCAGCUUUC,0,0.430653071348727,33.0
GGAGGCUGUAACAGCUUUC,1,0.430653071348727,33.0
GGAGGCUCUGCCAGCUUUC,1,0.430653071348727,33.0
GGAGGCUCUAACAGCUUUC,1,0.430653071348727,33.0
GGAGGCUCUAUCAGCUUUC,0,0.430653071348727,33.0
GGAGGCUCUACCAGCUUUC,0,0.430653071348727,33.0
GGAGGCUCAUCCAGCUUUC,1,0.430653071348727,33.0
GGAGGCUCAAACAGCUUUC,0,0.430653071348727,33.0
GGAGGCUCAACCAGCUUUC,1,0.430653071348727,33.0
GGAGGCUCAUACAGCUUUC,0,0.430653071348727,33.0
GGAGGCUCGUCCAGCUUUC,1,0.430653071348727,33.0
GGAGGCUCGUGCAGCUUUC,1,0.430653071348727,33.0
GGAGGCUCGUACAGCUUUC,1,0.430653071348727,33.0
GGAGGCUCUGACAGCUUUC,1,0.430653071348727,33.0
GGAGGCUCGAUCAGCUUUC,1,0.430653071348727,33.0
GGAGGCUGAAACAGCUUUC,0,0.43065307134872693,34.0
GGAGGCUCUCUCAGCUUUC,0,0.3667932164421068,35.0
GGAGGCUCAAUCAGCUUUC,0,0.36544641572947517,36.0
GGAGGCUAUAUCAGCUUUC,0,0.36544641572947517,36.0
GGAGGCUGUGUCAGCUUUC,1,0.36544641572947517,36.0
GGAGGCUAUUUCAGCUUUC,0,0.3541822148353915,37.0
GGAGGCUACUUCAGCUUUC,1,0.3541822148353915,37.0
GGAGGCUGUUUCAGCUUUC,1,0.3541822148353915,37.0
GGAGGCUCCUUCAGCUUUC,0,0.3541822148353915,37.0
GGAGGCUCCAGCAGCUUUC,0,0.3541822148353915,37.0
GGAGGCUACAGCAGCUUUC,0,0.3541822148353915,37.0
GGAGGCUCAGUCAGCUUUC,0,0.32294976255781127,38.0
GGAGGCUCACACAGCUUUC,0,0.31404215481070374,39.0
GGAGGCUCAGCCAGCUUUC,1,0.31404215481070374,39.0
GGAGGCUCUUCCAGCUUUC,0,0.31404215481070374,39.0
GGAGGCUCAUUCAGCUUUC,0,0.2865925110638152,40.0
GGAGGCUUAGGCAGCUUUC,0,0.24270638043588644,41.0
GGAGGCUUGGCCAGCUUUC,0,0.22537577612079499,42.0
GGAGGCUUGGGCAGCUUUC,0,0.22537577612079499,42.0
GGAGGCUAGGACAGCUUUC,0,0.19442919019672447,43.0
GGAGGCUUCAGCAGCUUUC,0,0.17641502840735926,44.0
GGAGGCUGAGCCAGCUUUC,0,0.12180060752294822,45.0
GGAGGCUGAGUCAGCUUUC,0,0.061008607773151875,46.0
GGAGGCUGAGACAGCUUUC,0,0.061008607773151875,46.0
GGAGGCUUGAGCAGCUUUC,0,0.05240955434926013,47.0
GGAGGCUGGAGCAGCUUUC,0,0.02350393455414772,48.0
GGAGGCUUUUUCAGCUUUC,0,0.0035832798361134276,49.0
